{
  "features": {
    "program_static_milepost_features": {
      "main": {
        "1": 28.0,
        "10": 1.0,
        "11": 5.0,
        "12": 0.0,
        "13": 26.0,
        "14": 0.0,
        "15": 0.0,
        "16": 37.0,
        "17": 3.0,
        "18": 0.0,
        "19": 21.0,
        "2": 15.0,
        "20": 10.0,
        "21": 39.0,
        "22": 8.0,
        "23": 0.0,
        "24": 73.0,
        "25": 2.80769,
        "26": 1.96154,
        "27": 2.43137,
        "28": 2.0,
        "29": 6.0,
        "3": 10.0,
        "30": 18.0,
        "31": 0.0,
        "32": 8.0,
        "33": 0.0,
        "34": 14.0,
        "35": 4.0,
        "36": 2.0,
        "37": 0.0,
        "38": 0.0,
        "39": 0.0,
        "4": 0.0,
        "40": 2.0,
        "41": 12.0,
        "42": 0.0,
        "43": 16.0,
        "44": 4.0,
        "45": 7.0,
        "46": 21.0,
        "47": 14.0,
        "48": 12.0,
        "49": 16.0,
        "5": 18.0,
        "50": 173.0,
        "51": 15.0,
        "52": 36.0,
        "53": 1.0,
        "54": 17.0,
        "55": 1.0,
        "56": 0.0,
        "57": 11.0,
        "58": 209.0,
        "59": 54.0,
        "6": 7.0,
        "60": 186.0,
        "61": 643.0,
        "62": 18.0,
        "63": 34.8333,
        "64": 5253.72,
        "65": 183005.0,
        "7": 1.0,
        "8": 14.0,
        "9": 4.0
      },
      "read_file": {
        "1": 7.0,
        "10": 0.0,
        "11": 0.0,
        "12": 0.0,
        "13": 5.0,
        "14": 0.0,
        "15": 0.0,
        "16": 8.0,
        "17": 1.0,
        "18": 0.0,
        "19": 6.0,
        "2": 2.0,
        "20": 2.0,
        "21": 5.0,
        "22": 1.0,
        "23": 0.0,
        "24": 14.0,
        "25": 2.8,
        "26": 0.2,
        "27": 3.0,
        "28": 1.0,
        "29": 0.0,
        "3": 2.0,
        "30": 4.0,
        "31": 1.0,
        "32": 0.0,
        "33": 0.0,
        "34": 3.0,
        "35": 0.0,
        "36": 0.0,
        "37": 0.0,
        "38": 0.0,
        "39": 0.0,
        "4": 0.0,
        "40": 0.0,
        "41": 1.0,
        "42": 0.0,
        "43": 5.0,
        "44": 1.0,
        "45": 3.0,
        "46": 4.0,
        "47": 1.0,
        "48": 4.0,
        "49": 5.0,
        "5": 4.0,
        "50": 25.0,
        "51": 0.0,
        "52": 9.0,
        "53": 0.0,
        "54": 4.0,
        "55": 0.0,
        "56": 0.0,
        "57": 3.0,
        "58": 31.0,
        "59": 16.0,
        "6": 0.0,
        "60": 20.0,
        "61": 101.0,
        "62": 13.0,
        "63": 12.5938,
        "64": 640.881,
        "65": 8071.1,
        "7": 1.0,
        "8": 2.0,
        "9": 2.0
      },
      "rhash_byte_to_hex": {
        "1": 14.0,
        "10": 1.0,
        "11": 3.0,
        "12": 0.0,
        "13": 12.0,
        "14": 0.0,
        "15": 0.0,
        "16": 17.0,
        "17": 1.0,
        "18": 0.0,
        "19": 0.0,
        "2": 7.0,
        "20": 4.0,
        "21": 24.0,
        "22": 7.0,
        "23": 0.0,
        "24": 29.0,
        "25": 2.41667,
        "26": 0.583333,
        "27": 2.0,
        "28": 3.0,
        "29": 1.0,
        "3": 4.0,
        "30": 8.0,
        "31": 0.0,
        "32": 4.0,
        "33": 0.0,
        "34": 7.0,
        "35": 3.0,
        "36": 1.0,
        "37": 0.0,
        "38": 0.0,
        "39": 0.0,
        "4": 0.0,
        "40": 1.0,
        "41": 8.0,
        "42": 0.0,
        "43": 0.0,
        "44": 0.0,
        "45": 0.0,
        "46": 3.0,
        "47": 4.0,
        "48": 3.0,
        "49": 3.0,
        "5": 8.0,
        "50": 63.0,
        "51": 0.0,
        "52": 15.0,
        "53": 0.0,
        "54": 3.0,
        "55": 0.0,
        "56": 0.0,
        "57": 5.0,
        "58": 63.0,
        "59": 16.0,
        "6": 4.0,
        "60": 42.0,
        "61": 159.0,
        "62": 9.0,
        "63": 17.7188,
        "64": 1030.34,
        "65": 18256.3,
        "7": 0.0,
        "8": 6.0,
        "9": 1.0
      },
      "rhash_print_hex_byte": {
        "1": 11.0,
        "10": 0.0,
        "11": 2.0,
        "12": 0.0,
        "13": 9.0,
        "14": 0.0,
        "15": 0.0,
        "16": 13.0,
        "17": 1.0,
        "18": 0.0,
        "19": 0.0,
        "2": 5.0,
        "20": 3.0,
        "21": 16.0,
        "22": 6.0,
        "23": 0.0,
        "24": 20.0,
        "25": 2.22222,
        "26": 0.333333,
        "27": 2.0,
        "28": 3.0,
        "29": 0.0,
        "3": 3.0,
        "30": 6.0,
        "31": 0.0,
        "32": 3.0,
        "33": 0.0,
        "34": 6.0,
        "35": 2.0,
        "36": 0.0,
        "37": 0.0,
        "38": 0.0,
        "39": 0.0,
        "4": 0.0,
        "40": 0.0,
        "41": 6.0,
        "42": 0.0,
        "43": 0.0,
        "44": 0.0,
        "45": 0.0,
        "46": 1.0,
        "47": 2.0,
        "48": 2.0,
        "49": 2.0,
        "5": 6.0,
        "50": 42.0,
        "51": 0.0,
        "52": 10.0,
        "53": 0.0,
        "54": 1.0,
        "55": 0.0,
        "56": 0.0,
        "57": 4.0,
        "58": 42.0,
        "59": 11.0,
        "6": 3.0,
        "60": 32.0,
        "61": 105.0,
        "62": 8.0,
        "63": 15.2727,
        "64": 624.083,
        "65": 9531.45,
        "7": 0.0,
        "8": 5.0,
        "9": 1.0
      },
      "rhash_sha3_224_init": {
        "1": 3.0,
        "10": 0.0,
        "11": 0.0,
        "12": 0.0,
        "13": 1.0,
        "14": 0.0,
        "15": 0.0,
        "16": 2.0,
        "17": 0.0,
        "18": 0.0,
        "19": 1.0,
        "2": 0.0,
        "20": 0.0,
        "21": 2.0,
        "22": 0.0,
        "23": 0.0,
        "24": 4.0,
        "25": 4.0,
        "26": 0.0,
        "27": 0.0,
        "28": 0.0,
        "29": 0.0,
        "3": 0.0,
        "30": 1.0,
        "31": 0.0,
        "32": 0.0,
        "33": 0.0,
        "34": 0.0,
        "35": 0.0,
        "36": 0.0,
        "37": 0.0,
        "38": 0.0,
        "39": 0.0,
        "4": 0.0,
        "40": 2.0,
        "41": 0.0,
        "42": 0.0,
        "43": 1.0,
        "44": 1.0,
        "45": 0.0,
        "46": 1.0,
        "47": 3.0,
        "48": 0.0,
        "49": 1.0,
        "5": 1.0,
        "50": 3.0,
        "51": 0.0,
        "52": 2.0,
        "53": 0.0,
        "54": 1.0,
        "55": 0.0,
        "56": 0.0,
        "57": 1.0,
        "58": 5.0,
        "59": 5.0,
        "6": 0.0,
        "60": 1.0,
        "61": 26.0,
        "62": 15.0,
        "63": 7.5,
        "64": 133.902,
        "65": 1004.27,
        "7": 0.0,
        "8": 0.0,
        "9": 0.0
      },
      "rhash_sha3_256_init": {
        "1": 3.0,
        "10": 0.0,
        "11": 0.0,
        "12": 0.0,
        "13": 1.0,
        "14": 0.0,
        "15": 0.0,
        "16": 2.0,
        "17": 0.0,
        "18": 0.0,
        "19": 1.0,
        "2": 0.0,
        "20": 0.0,
        "21": 2.0,
        "22": 0.0,
        "23": 0.0,
        "24": 4.0,
        "25": 4.0,
        "26": 0.0,
        "27": 0.0,
        "28": 0.0,
        "29": 0.0,
        "3": 0.0,
        "30": 1.0,
        "31": 0.0,
        "32": 0.0,
        "33": 0.0,
        "34": 0.0,
        "35": 0.0,
        "36": 0.0,
        "37": 0.0,
        "38": 0.0,
        "39": 0.0,
        "4": 0.0,
        "40": 2.0,
        "41": 0.0,
        "42": 0.0,
        "43": 1.0,
        "44": 1.0,
        "45": 0.0,
        "46": 1.0,
        "47": 3.0,
        "48": 0.0,
        "49": 1.0,
        "5": 1.0,
        "50": 3.0,
        "51": 0.0,
        "52": 2.0,
        "53": 0.0,
        "54": 1.0,
        "55": 0.0,
        "56": 0.0,
        "57": 1.0,
        "58": 5.0,
        "59": 5.0,
        "6": 0.0,
        "60": 1.0,
        "61": 26.0,
        "62": 15.0,
        "63": 7.5,
        "64": 133.902,
        "65": 1004.27,
        "7": 0.0,
        "8": 0.0,
        "9": 0.0
      },
      "rhash_sha3_384_init": {
        "1": 3.0,
        "10": 0.0,
        "11": 0.0,
        "12": 0.0,
        "13": 1.0,
        "14": 0.0,
        "15": 0.0,
        "16": 2.0,
        "17": 0.0,